Resname,Phi,Psi,r1,r2,r3,r4,Probabil,chi1Val,chi2Val,chi3Val,chi4Val,chi1Sig,chi2Sig,chi3Sig,chi4Sig
GLU,170,-60,2,2,1,0,0.125876,-176.9,177.5,-1.2,0,9.6,11.2,8.4,0
GLU,170,-60,1,2,1,0,0.0852961,64.9,-178.1,-1.3,0,10.2,11.3,8.5,0
GLU,170,-60,2,2,6,0,0.0777195,-176.9,177.5,-29.6,0,9.6,11.2,8.6,0
GLU,170,-60,2,2,2,0,0.0774883,-176.9,177.5,27.1,0,9.6,11.2,8.7,0
GLU,170,-60,1,2,2,0,0.0641043,64.9,-178.1,27.9,0,10.2,11.3,8.7,0
GLU,170,-60,1,2,6,0,0.0597918,64.9,-178.1,-30.1,0,10.2,11.3,8.7,0
GLU,170,-60,2,2,3,0,0.0506507,-176.9,177.5,58,0,9.6,11.2,8.6,0
GLU,170,-60,1,2,3,0,0.0493846,64.9,-178.1,58.2,0,10.2,11.3,8.7,0
GLU,170,-60,1,2,5,0,0.0477243,64.9,-178.1,-60.9,0,10.2,11.3,8.6,0
GLU,170,-60,2,2,5,0,0.0459856,-176.9,177.5,-60.1,0,9.6,11.2,8.6,0
GLU,170,-60,3,3,1,0,0.0419302,-66.1,-66,-37.2,0,8.7,11.2,8.6,0
GLU,170,-60,1,2,4,0,0.0414128,64.9,-178.1,88.6,0,10.2,11.3,8.8,0
GLU,170,-60,2,2,4,0,0.0363803,-176.9,177.5,88.3,0,9.6,11.2,8.8,0
GLU,170,-60,3,3,2,0,0.0308673,-66.1,-66,-9.3,0,8.7,11.2,8.3,0
GLU,170,-60,3,3,6,0,0.0237073,-66.1,-66,-63.9,0,8.7,11.2,8.1,0
GLU,170,-60,3,2,1,0,0.0204087,-66.7,179.1,-5.8,0,8.2,11.8,8.4,0
GLU,170,-60,2,3,1,0,0.0132526,-170.5,-83.3,-28.7,0,10.9,9.3,8.2,0
GLU,170,-60,3,2,6,0,0.0130031,-66.7,179.1,-34,0,8.2,11.8,8.6,0
GLU,170,-60,3,2,2,0,0.0117818,-66.7,179.1,22.1,0,8.2,11.8,8.5,0
GLU,170,-60,2,1,1,0,0.011057,-177.7,65.6,20.9,0,10.9,10.7,8.4,0
GLU,170,-60,3,3,3,0,0.00856356,-66.1,-66,18.8,0,8.7,11.2,8.1,0
GLU,170,-60,3,2,5,0,0.00657215,-66.7,179.1,-64.1,0,8.2,11.8,8.6,0
GLU,170,-60,2,1,2,0,0.00606678,-177.7,65.6,48.1,0,10.9,10.7,8.4,0
GLU,170,-60,3,2,3,0,0.0059699,-66.7,179.1,53.1,0,8.2,11.8,8.6,0
GLU,170,-60,2,3,6,0,0.00522872,-170.5,-83.3,-54.7,0,10.9,9.3,8,0
GLU,170,-60,3,3,5,0,0.00468175,-66.1,-66,86.3,0,8.7,11.2,8.4,0
GLU,170,-60,3,1,1,0,0.0046437,-65.9,82,0.8,0,9.8,10.6,8.5,0
GLU,170,-60,2,3,2,0,0.00463719,-170.5,-83.3,-3.6,0,10.9,9.3,7.7,0
GLU,170,-60,2,1,6,0,0.00449864,-177.7,65.6,-5.1,0,10.9,10.7,7.9,0
GLU,170,-60,3,2,4,0,0.00436895,-66.7,179.1,84.3,0,8.2,11.8,8.8,0
GLU,170,-60,3,1,2,0,0.00319384,-65.9,82,29.1,0,9.8,10.6,8.5,0
GLU,170,-60,3,1,6,0,0.00266916,-65.9,82,-26.6,0,9.8,10.6,8.3,0
GLU,170,-60,3,3,4,0,0.00250624,-66.1,-66,51.7,0,8.7,11.2,8.9,0
GLU,170,-60,2,1,3,0,0.00206495,-177.7,65.6,78.2,0,10.9,10.7,8.5,0
GLU,170,-60,3,1,3,0,0.00136498,-65.9,82,58,0,9.8,10.6,8.3,0
GLU,170,-60,2,3,5,0,0.000923691,-170.5,-83.3,-85,0,10.9,9.3,8.3,0
GLU,170,-60,2,1,5,0,0.000875527,-177.7,65.6,-36.9,0,10.9,10.7,8.8,0
GLU,170,-60,2,1,4,0,0.000860447,-177.7,65.6,-70.9,0,10.9,10.7,8.6,0
GLU,170,-60,3,1,5,0,0.00079657,-65.9,82,-56.3,0,9.8,10.6,8.4,0
GLU,170,-60,2,3,3,0,0.000568999,-170.5,-83.3,27.3,0,10.9,9.3,8.3,0
GLU,170,-60,3,1,4,0,0.000486932,-65.9,82,89.4,0,9.8,10.6,8.9,0
GLU,170,-60,2,3,4,0,0.00029454,-170.5,-83.3,62.4,0,10.9,9.3,8.9,0
GLU,170,-60,1,1,1,0,9.10E-05,59.4,84.8,19.8,0,12.5,12.5,8.4,0
GLU,170,-60,1,3,1,0,5.68E-05,66.6,-84.2,17.7,0,11.7,9.7,8.4,0
GLU,170,-60,1,1,2,0,4.51E-05,59.4,84.8,46.5,0,12.5,12.5,8.2,0
GLU,170,-60,1,1,6,0,4.08E-05,59.4,84.8,-6.6,0,12.5,12.5,8.1,0
GLU,170,-60,1,3,6,0,2.97E-05,66.6,-84.2,-9.1,0,11.7,9.7,8.2,0
GLU,170,-60,1,3,2,0,2.69E-05,66.6,-84.2,44.1,0,11.7,9.7,8,0
GLU,170,-60,1,1,3,0,1.43E-05,59.4,84.8,78,0,12.5,12.5,8.6,0
GLU,170,-60,1,1,5,0,9.87E-06,59.4,84.8,-38,0,12.5,12.5,8.7,0
GLU,170,-60,1,1,4,0,8.29E-06,59.4,84.8,-71.2,0,12.5,12.5,8.7,0
GLU,170,-60,1,3,5,0,7.88E-06,66.6,-84.2,-39.8,0,11.7,9.7,8.6,0
GLU,170,-60,1,3,3,0,5.65E-06,66.6,-84.2,75,0,11.7,9.7,8.7,0
GLU,170,-60,1,3,4,0,4.26E-06,66.6,-84.2,-71.4,0,11.7,9.7,8.7,0